feature,dtype,nunique,missing_rate,top_ratio,skew,bin_type,iv,auc,auc_adj,low_iv,low_auc,low_unique,high_top_ratio,high_skew
channel,object,3,0.0,0.6989247311827957,,categorical,0.0013626164609415869,0.5148960612691466,0.5148960612691466,True,True,True,False,False
device_change_90d,int64,2,0.0,0.9045161290322581,2.754691713836593,numeric_as_categorical,0.0013776815952870022,0.48957877461706784,0.5104212253829321,True,True,True,False,False
has_credit_card,int64,2,0.0,0.6159139784946237,0.47694890651114885,numeric_as_categorical,0.001447271773266025,0.5080962800875274,0.5080962800875274,True,True,True,False,False
gender,object,2,0.0,0.552258064516129,,categorical,0.0018496695502535523,0.5115700218818381,0.5115700218818381,True,True,True,False,False
emulator_any,int64,2,0.0,0.978494623655914,6.601378635725608,numeric_as_categorical,0.008061081617740384,0.5017778993435449,0.5017778993435449,True,True,True,True,True
marital_status,object,3,0.0,0.5062365591397849,,categorical,0.016043264133235896,0.5388402625820569,0.5388402625820569,True,False,True,False,False
device_count,int64,3,0.0,0.33763440860215055,0.002384697204216056,numeric_as_categorical,0.016228789760507175,0.46669584245076584,0.5333041575492341,True,False,True,False,False
device_cnt,int64,3,0.0,0.33763440860215055,0.002384697204216056,numeric_as_categorical,0.016228789760507175,0.46669584245076584,0.5333041575492341,True,False,True,False,False
geo_consistent_rate,float64,5,0.0,0.8344086021505376,-2.8241000457393106,numeric_as_categorical,0.05715739474897526,0.49955142231947486,0.5004485776805252,False,True,False,False,False
login_30d,int64,51,0.0,0.04430107526881721,0.1904803233867392,numeric_binned,0.08214686679203811,0.4849288840262582,0.5150711159737418,False,True,False,False,False
emulator_rate,float64,5,0.0,0.978494623655914,8.886665555696556,numeric_as_categorical,0.10278909888002116,0.5020076586433261,0.5020076586433261,False,True,False,True,True
ip_risk_level_max,float64,5,0.0,0.2946236559139785,0.5554626916647055,numeric_as_categorical,0.10779040347413676,0.4975054704595186,0.5024945295404815,False,True,False,False,False
device_risk_score_max,float64,97,0.0,0.027096774193548386,-0.19324102177744745,numeric_binned,0.14085128163929608,0.49323851203501096,0.5067614879649891,False,True,False,False,False
sms_cnt_7d,int64,75,0.0,0.02967741935483871,0.10043707443675898,numeric_binned,0.14177120918325986,0.48919584245076586,0.5108041575492341,False,True,False,False,False
phone_age_months,int64,120,0.0,0.013333333333333334,-0.024644312386340947,numeric_binned,0.15777650382824662,0.4809956236323851,0.5190043763676149,False,True,False,False,False
credit_utilization,float64,89,0.0,0.028817204301075268,0.5061836545473808,numeric_binned,0.16003592547616816,0.4961816192560175,0.5038183807439824,False,True,False,False,False
apply_dayofweek,int64,7,0.0,0.1643010752688172,-0.024765937117420034,numeric_as_categorical,0.19817540693299726,0.5166684901531728,0.5166684901531728,False,True,False,False,False
ip_risk_level_mean,float64,15,0.0,0.2946236559139785,1.101330306476394,numeric_binned,0.2656000991060828,0.5139277899343545,0.5139277899343545,False,True,False,False,False
apply_hour,int64,24,0.0,0.051182795698924734,-0.016910933895122385,numeric_binned,0.2952303105192807,0.48696936542669583,0.5130306345733042,False,True,False,False,False
device_risk_score_mean,float64,242,0.0,0.017204301075268817,0.012584357322568138,numeric_binned,0.4033041843733502,0.5190098468271335,0.5190098468271335,False,True,False,False,False
brand_nunique,int64,3,0.0,0.3991397849462366,0.3148408466526067,numeric_as_categorical,0.022982747864249767,0.45832603938730854,0.5416739606126915,False,False,True,False,False
product_type,object,2,0.0,0.5402150537634408,,categorical,0.04858495119433853,0.5558533916849016,0.5558533916849016,False,False,True,False,False
company_type,object,4,0.0,0.48774193548387096,,categorical,0.04939754932463723,0.5617943107221006,0.5617943107221006,False,False,False,False,False
rooted_any,int64,2,0.0,0.9144086021505377,2.9645165350254334,numeric_as_categorical,0.052586697700435565,0.5327680525164114,0.5327680525164114,False,False,True,False,False
login_7d,int64,15,0.0,0.14408602150537633,0.2807730036979675,numeric_binned,0.06544368332151564,0.4744638949671772,0.5255361050328228,False,False,False,False,False
emergency_contact_count,int64,5,0.0,0.2129032258064516,0.03376973169154943,numeric_as_categorical,0.0833302471706744,0.45429431072210064,0.5457056892778993,False,False,False,False,False
android_share,float64,5,0.0,0.6318279569892473,-1.3316387749688707,numeric_as_categorical,0.0855151605151769,0.4559846827133479,0.5440153172866521,False,False,False,False,False
education,object,4,0.0,0.3875268817204301,,categorical,0.10433348310010471,0.5627680525164114,0.5627680525164114,False,False,False,False,False
contact_count,int64,445,0.0,0.0064516129032258064,0.003866658044374776,numeric_binned,0.10916837577327326,0.46072757111597373,0.5392724288840263,False,False,False,False,False
night_ratio,float64,77,0.0,0.03053763440860215,0.5460261984559405,numeric_binned,0.167372177498292,0.5786870897155361,0.5786870897155361,False,False,False,False,False
rooted_rate,float64,5,0.0,0.9144086021505377,4.174000284308194,numeric_as_categorical,0.18159220838751605,0.5333533916849015,0.5333533916849015,False,False,False,False,False
residence_years,int64,11,0.0,0.10064516129032258,0.02007160067996435,numeric_binned,0.18314820587277633,0.47323851203501094,0.5267614879649891,False,False,False,False,False
requested_term,int64,8,0.0,0.1389247311827957,0.9786538245179875,numeric_as_categorical,0.2052234466298612,0.43901531728665205,0.560984682713348,False,False,False,False,False
app_install_cnt,int64,110,0.0,0.025806451612903226,0.05500633314734178,numeric_binned,0.235452905715183,0.5223796498905908,0.5223796498905908,False,False,False,False,False
city_tier,int64,5,0.0,0.3002150537634409,-0.010765470997494715,numeric_as_categorical,0.2509188747587784,0.5415207877461706,0.5415207877461706,False,False,False,False,False
open_accounts,int64,11,0.0,0.10021505376344086,0.022310084269590323,numeric_binned,0.25928038138551857,0.4791028446389497,0.5208971553610503,False,False,False,False,False
bureau_score,float64,360,0.0,0.011182795698924731,-0.10095726696791434,numeric_binned,0.2761041953290592,0.3864496717724289,0.6135503282275712,False,False,False,False,False
age,int64,38,0.0,0.038279569892473116,0.014716040626644904,numeric_binned,0.2891962216504208,0.5497483588621445,0.5497483588621445,False,False,False,False,False
requested_amount,int64,1819,0.0,0.0017204301075268817,-0.021538005212615105,numeric_binned,0.38389328427979574,0.6598687089715536,0.6598687089715536,False,False,False,False,False
monthly_income,float64,1489,0.0,0.003010752688172043,1.0585930995589548,numeric_binned,0.7228800369466996,0.3140207877461707,0.6859792122538293,False,False,False,False,False
delinq_12m,int64,6,0.0,0.7952688172043011,2.8395419525566767,numeric_as_categorical,0.7658149028892478,0.6682932166301969,0.6682932166301969,False,False,False,False,False
inquiry_3m,int64,7,0.0,0.47483870967741937,1.4159407550390024,numeric_as_categorical,0.7858157779143964,0.7132494529540482,0.7132494529540482,False,False,False,False,False
