channel,product_type,risk_score_decile,cohort,loan_cnt,bad_cnt,bad_rate,amount_mean,amount_sum,score_mean
app,installment,1,2024-02,5,1,0.2,3546.0,17730.0,546.0
app,installment,1,2024-03,13,1,0.07692307692307693,3168.5384615384614,41191.0,544.6153846153846
app,installment,1,2024-04,6,0,0.0,2604.8333333333335,15629.0,538.8333333333334
app,installment,1,2024-05,3,0,0.0,2205.6666666666665,6617.0,559.3333333333334
app,installment,1,2024-06,3,0,0.0,2632.3333333333335,7897.0,534.3333333333334
app,installment,1,2024-07,8,0,0.0,3162.625,25301.0,546.875
app,installment,1,2024-08,3,0,0.0,1515.6666666666667,4547.0,545.6666666666666
app,installment,1,2024-09,2,0,0.0,3053.5,6107.0,552.5
app,installment,1,2024-10,6,1,0.16666666666666666,3169.0,19014.0,548.0
app,installment,1,2024-11,2,0,0.0,3235.5,6471.0,551.5
app,installment,1,2024-12,7,0,0.0,2102.5714285714284,14718.0,545.2857142857143
app,installment,1,2025-01,5,0,0.0,3199.6,15998.0,551.2
app,installment,1,2025-02,5,0,0.0,3305.4,16527.0,534.4
app,installment,1,2025-03,4,0,0.0,2180.25,8721.0,546.25
app,installment,1,2025-04,2,0,0.0,4212.5,8425.0,533.0
app,installment,1,2025-05,1,0,0.0,2076.0,2076.0,549.0
app,installment,1,2025-06,4,1,0.25,2759.25,11037.0,546.75
app,installment,1,2025-07,1,0,0.0,719.0,719.0,553.0
app,installment,1,2025-08,7,1,0.14285714285714285,2514.714285714286,17603.0,544.7142857142857
app,installment,1,2025-09,2,0,0.0,1825.0,3650.0,552.0
app,installment,2,2024-01,2,0,0.0,2858.5,5717.0,570.5
app,installment,2,2024-02,7,1,0.14285714285714285,2517.714285714286,17624.0,569.0
app,installment,2,2024-03,8,0,0.0,3219.25,25754.0,569.75
app,installment,2,2024-04,5,0,0.0,2624.4,13122.0,570.8
app,installment,2,2024-05,5,1,0.2,2771.0,13855.0,567.0
app,installment,2,2024-06,9,0,0.0,3009.8888888888887,27089.0,571.3333333333334
app,installment,2,2024-07,6,0,0.0,2914.0,17484.0,567.8333333333334
app,installment,2,2024-08,5,1,0.2,2526.6,12633.0,571.2
app,installment,2,2024-09,5,0,0.0,3004.8,15024.0,575.0
app,installment,2,2024-10,1,0,0.0,3427.0,3427.0,571.0
app,installment,2,2024-11,3,0,0.0,3010.0,9030.0,571.3333333333334
app,installment,2,2024-12,5,0,0.0,3276.4,16382.0,570.0
app,installment,2,2025-01,7,0,0.0,2996.285714285714,20974.0,571.8571428571429
app,installment,2,2025-02,2,0,0.0,2608.5,5217.0,570.5
app,installment,2,2025-03,6,0,0.0,2352.5,14115.0,571.0
app,installment,2,2025-04,2,0,0.0,2375.5,4751.0,570.0
app,installment,2,2025-05,2,0,0.0,3042.0,6084.0,563.5
app,installment,2,2025-06,4,0,0.0,2718.75,10875.0,569.5
app,installment,2,2025-07,5,1,0.2,3390.8,16954.0,567.8
app,installment,2,2025-08,3,0,0.0,3700.0,11100.0,572.3333333333334
app,installment,2,2025-09,2,0,0.0,2907.5,5815.0,563.0
app,installment,3,2024-01,4,0,0.0,2642.25,10569.0,579.25
app,installment,3,2024-02,9,0,0.0,3263.5555555555557,29372.0,581.7777777777778
app,installment,3,2024-03,5,0,0.0,1801.2,9006.0,584.2
app,installment,3,2024-04,2,0,0.0,2419.5,4839.0,587.0
app,installment,3,2024-05,8,0,0.0,2771.125,22169.0,584.75
app,installment,3,2024-06,4,0,0.0,2903.75,11615.0,582.25
app,installment,3,2024-07,1,0,0.0,3593.0,3593.0,580.0
app,installment,3,2024-08,3,0,0.0,2431.3333333333335,7294.0,585.3333333333334
app,installment,3,2024-09,6,0,0.0,2444.1666666666665,14665.0,584.6666666666666
app,installment,3,2024-10,6,1,0.16666666666666666,2732.5,16395.0,583.6666666666666
app,installment,3,2024-11,6,0,0.0,2045.1666666666667,12271.0,583.0
app,installment,3,2024-12,4,0,0.0,1685.25,6741.0,586.0
app,installment,3,2025-01,1,0,0.0,2093.0,2093.0,579.0
app,installment,3,2025-02,5,0,0.0,2301.2,11506.0,585.0
app,installment,3,2025-03,3,0,0.0,2700.0,8100.0,585.3333333333334
app,installment,3,2025-04,1,0,0.0,2259.0,2259.0,579.0
app,installment,3,2025-05,5,0,0.0,2286.8,11434.0,584.0
app,installment,3,2025-06,7,0,0.0,2952.714285714286,20669.0,585.4285714285714
app,installment,3,2025-07,3,0,0.0,3953.6666666666665,11861.0,582.3333333333334
app,installment,3,2025-08,4,0,0.0,2759.25,11037.0,585.5
app,installment,3,2025-09,3,0,0.0,3578.0,10734.0,584.3333333333334
app,installment,4,2024-01,1,0,0.0,810.0,810.0,592.0
app,installment,4,2024-02,9,0,0.0,3074.3333333333335,27669.0,594.0
app,installment,4,2024-03,4,0,0.0,2580.25,10321.0,591.75
app,installment,4,2024-04,4,0,0.0,2507.5,10030.0,596.25
app,installment,4,2024-05,7,0,0.0,2524.5714285714284,17672.0,592.4285714285714
app,installment,4,2024-06,6,1,0.16666666666666666,3036.5,18219.0,592.0
app,installment,4,2024-07,2,0,0.0,2650.0,5300.0,592.0
app,installment,4,2024-08,7,0,0.0,3022.0,21154.0,593.7142857142857
app,installment,4,2024-09,3,0,0.0,2676.6666666666665,8030.0,592.3333333333334
app,installment,4,2024-10,4,0,0.0,3138.5,12554.0,593.0
app,installment,4,2024-11,5,0,0.0,2715.0,13575.0,594.6
app,installment,4,2024-12,6,0,0.0,2108.8333333333335,12653.0,594.5
app,installment,4,2025-01,5,0,0.0,3383.0,16915.0,593.8
app,installment,4,2025-02,4,0,0.0,2863.25,11453.0,593.25
app,installment,4,2025-03,3,0,0.0,2547.6666666666665,7643.0,593.6666666666666
app,installment,4,2025-04,6,0,0.0,2776.1666666666665,16657.0,594.5
app,installment,4,2025-05,3,0,0.0,1930.3333333333333,5791.0,591.6666666666666
app,installment,4,2025-06,3,0,0.0,1127.6666666666667,3383.0,592.0
app,installment,4,2025-07,8,1,0.125,2671.25,21370.0,593.75
app,installment,4,2025-08,4,0,0.0,3082.25,12329.0,592.5
app,installment,4,2025-09,1,0,0.0,2920.0,2920.0,590.0
app,installment,5,2024-01,1,0,0.0,4263.0,4263.0,604.0
app,installment,5,2024-02,3,0,0.0,2497.3333333333335,7492.0,604.0
app,installment,5,2024-03,8,0,0.0,3041.375,24331.0,601.25
app,installment,5,2024-04,2,0,0.0,2298.5,4597.0,600.0
app,installment,5,2024-05,5,0,0.0,3026.4,15132.0,603.0
app,installment,5,2024-06,4,0,0.0,3787.0,15148.0,599.25
app,installment,5,2024-07,4,0,0.0,4448.0,17792.0,599.25
app,installment,5,2024-08,4,0,0.0,2588.75,10355.0,601.5
app,installment,5,2024-09,6,0,0.0,1882.1666666666667,11293.0,602.0
app,installment,5,2024-10,5,0,0.0,2036.8,10184.0,601.8
app,installment,5,2024-11,8,1,0.125,1721.75,13774.0,601.125
app,installment,5,2024-12,1,0,0.0,1987.0,1987.0,602.0
app,installment,5,2025-01,1,0,0.0,3087.0,3087.0,602.0
app,installment,5,2025-02,2,0,0.0,3787.5,7575.0,599.5
app,installment,5,2025-03,4,0,0.0,2964.5,11858.0,601.75
app,installment,5,2025-04,4,0,0.0,1416.25,5665.0,601.0
app,installment,5,2025-05,5,0,0.0,2628.4,13142.0,600.4
app,installment,5,2025-06,3,0,0.0,2184.0,6552.0,602.3333333333334
app,installment,5,2025-07,5,0,0.0,2836.2,14181.0,600.2
app,installment,5,2025-08,2,0,0.0,2722.5,5445.0,601.5
app,installment,5,2025-09,4,0,0.0,3057.75,12231.0,602.0
app,installment,6,2024-01,2,0,0.0,2868.5,5737.0,606.0
app,installment,6,2024-02,8,0,0.0,2754.75,22038.0,609.625
app,installment,6,2024-03,6,0,0.0,1772.5,10635.0,609.8333333333334
app,installment,6,2024-04,4,0,0.0,2535.75,10143.0,611.25
app,installment,6,2024-05,9,0,0.0,2615.222222222222,23537.0,610.2222222222222
app,installment,6,2024-06,4,0,0.0,2963.5,11854.0,608.75
app,installment,6,2024-07,4,0,0.0,2877.25,11509.0,611.25
app,installment,6,2024-08,3,0,0.0,3056.0,9168.0,609.6666666666666
app,installment,6,2024-09,5,0,0.0,2655.4,13277.0,609.0
app,installment,6,2024-10,6,0,0.0,3553.0,21318.0,609.1666666666666
app,installment,6,2024-11,9,0,0.0,3260.1111111111113,29341.0,609.4444444444445
app,installment,6,2024-12,10,0,0.0,1986.1,19861.0,610.2
app,installment,6,2025-01,4,0,0.0,3747.75,14991.0,610.5
app,installment,6,2025-02,2,0,0.0,1519.5,3039.0,608.0
app,installment,6,2025-03,4,0,0.0,3052.75,12211.0,608.75
app,installment,6,2025-04,6,0,0.0,2866.3333333333335,17198.0,609.5
app,installment,6,2025-05,3,0,0.0,2776.3333333333335,8329.0,609.0
app,installment,6,2025-06,8,0,0.0,3025.5,24204.0,608.75
app,installment,6,2025-07,5,0,0.0,2583.2,12916.0,610.2
app,installment,6,2025-08,7,0,0.0,2941.8571428571427,20593.0,608.4285714285714
app,installment,6,2025-09,6,0,0.0,1657.8333333333333,9947.0,608.1666666666666
app,installment,7,2024-01,1,0,0.0,2462.0,2462.0,616.0
app,installment,7,2024-02,7,0,0.0,2691.1428571428573,18838.0,618.2857142857143
app,installment,7,2024-03,5,0,0.0,2616.6,13083.0,615.8
app,installment,7,2024-04,2,0,0.0,3192.5,6385.0,617.0
app,installment,7,2024-05,1,0,0.0,921.0,921.0,620.0
app,installment,7,2024-06,2,0,0.0,3092.5,6185.0,616.0
app,installment,7,2024-07,8,0,0.0,2549.875,20399.0,617.5
app,installment,7,2024-08,4,0,0.0,2365.5,9462.0,616.0
app,installment,7,2024-09,2,0,0.0,2159.5,4319.0,618.0
app,installment,7,2024-10,6,0,0.0,2636.0,15816.0,619.1666666666666
app,installment,7,2024-11,5,0,0.0,1830.4,9152.0,617.2
app,installment,7,2024-12,4,0,0.0,3221.5,12886.0,618.0
app,installment,7,2025-01,3,0,0.0,2726.0,8178.0,617.6666666666666
app,installment,7,2025-02,3,0,0.0,2424.0,7272.0,616.3333333333334
app,installment,7,2025-03,4,0,0.0,2804.25,11217.0,617.75
app,installment,7,2025-04,2,0,0.0,1358.5,2717.0,615.0
app,installment,7,2025-05,4,0,0.0,2550.0,10200.0,617.0
app,installment,7,2025-06,3,0,0.0,3256.6666666666665,9770.0,617.0
app,installment,7,2025-07,3,0,0.0,2206.3333333333335,6619.0,617.0
app,installment,7,2025-08,7,0,0.0,3533.4285714285716,24734.0,617.7142857142857
app,installment,7,2025-09,1,0,0.0,2640.0,2640.0,621.0
app,installment,8,2024-02,4,0,0.0,3053.75,12215.0,626.5
app,installment,8,2024-03,4,0,0.0,2052.5,8210.0,626.75
app,installment,8,2024-04,1,0,0.0,4076.0,4076.0,630.0
app,installment,8,2024-05,7,0,0.0,2417.4285714285716,16922.0,628.7142857142857
app,installment,8,2024-06,9,0,0.0,1960.7777777777778,17647.0,625.1111111111111
app,installment,8,2024-07,6,0,0.0,3236.0,19416.0,626.6666666666666
app,installment,8,2024-08,2,0,0.0,1144.0,2288.0,627.5
app,installment,8,2024-09,4,0,0.0,3384.75,13539.0,626.5
app,installment,8,2024-10,1,0,0.0,3142.0,3142.0,626.0
app,installment,8,2024-11,1,0,0.0,859.0,859.0,628.0
app,installment,8,2024-12,6,0,0.0,2392.3333333333335,14354.0,626.5
app,installment,8,2025-01,4,0,0.0,2748.25,10993.0,625.25
app,installment,8,2025-02,4,0,0.0,3996.5,15986.0,626.75
app,installment,8,2025-03,5,0,0.0,2545.8,12729.0,625.6
app,installment,8,2025-04,6,0,0.0,2865.3333333333335,17192.0,626.0
app,installment,8,2025-05,4,0,0.0,2073.75,8295.0,627.0
app,installment,8,2025-06,9,0,0.0,2976.8888888888887,26792.0,625.1111111111111
app,installment,8,2025-07,4,0,0.0,2788.0,11152.0,626.0
app,installment,8,2025-08,6,0,0.0,3694.8333333333335,22169.0,625.0
app,installment,8,2025-09,6,0,0.0,2343.3333333333335,14060.0,626.0
app,installment,9,2024-02,3,0,0.0,3796.0,11388.0,637.0
app,installment,9,2024-03,9,0,0.0,2639.0,23751.0,637.7777777777778
app,installment,9,2024-04,7,0,0.0,2894.285714285714,20260.0,639.8571428571429
app,installment,9,2024-05,9,0,0.0,3261.3333333333335,29352.0,636.2222222222222
app,installment,9,2024-06,5,0,0.0,3202.0,16010.0,638.0
app,installment,9,2024-07,3,0,0.0,4088.3333333333335,12265.0,635.3333333333334
app,installment,9,2024-08,3,0,0.0,1060.6666666666667,3182.0,639.6666666666666
app,installment,9,2024-09,5,0,0.0,2933.4,14667.0,636.8
app,installment,9,2024-10,8,0,0.0,1785.125,14281.0,634.75
app,installment,9,2024-11,5,0,0.0,1954.4,9772.0,635.4
app,installment,9,2024-12,6,0,0.0,2679.3333333333335,16076.0,638.1666666666666
app,installment,9,2025-01,9,0,0.0,2495.777777777778,22462.0,639.8888888888889
app,installment,9,2025-02,5,0,0.0,2973.6,14868.0,637.6
app,installment,9,2025-03,10,0,0.0,2961.7,29617.0,636.6
app,installment,9,2025-04,4,0,0.0,2189.75,8759.0,636.5
app,installment,9,2025-05,7,0,0.0,1906.2857142857142,13344.0,637.2857142857143
app,installment,9,2025-06,4,0,0.0,3956.75,15827.0,638.75
app,installment,9,2025-07,5,0,0.0,3684.2,18421.0,639.0
app,installment,9,2025-09,4,0,0.0,1591.75,6367.0,636.0
app,installment,10,2024-01,3,0,0.0,2080.3333333333335,6241.0,670.3333333333334
app,installment,10,2024-02,4,0,0.0,3023.75,12095.0,657.0
app,installment,10,2024-03,4,0,0.0,3250.75,13003.0,664.25
app,installment,10,2024-04,3,0,0.0,2551.6666666666665,7655.0,655.3333333333334
app,installment,10,2024-05,5,0,0.0,2941.8,14709.0,655.0
app,installment,10,2024-06,6,0,0.0,3639.3333333333335,21836.0,652.6666666666666
app,installment,10,2024-07,4,0,0.0,2923.25,11693.0,658.75
app,installment,10,2024-08,5,0,0.0,2624.6,13123.0,655.2
app,installment,10,2024-09,5,0,0.0,2899.0,14495.0,669.2
app,installment,10,2024-10,4,0,0.0,2282.5,9130.0,671.5
app,installment,10,2024-11,2,0,0.0,3607.5,7215.0,667.5
app,installment,10,2024-12,5,0,0.0,2984.0,14920.0,658.2
app,installment,10,2025-01,4,0,0.0,3386.75,13547.0,657.5
app,installment,10,2025-02,5,0,0.0,2217.6,11088.0,672.2
app,installment,10,2025-03,5,0,0.0,3083.6,15418.0,648.2
app,installment,10,2025-04,4,0,0.0,3309.0,13236.0,675.5
app,installment,10,2025-05,3,0,0.0,980.3333333333334,2941.0,666.3333333333334
app,installment,10,2025-06,5,0,0.0,2910.4,14552.0,655.4
app,installment,10,2025-07,2,0,0.0,2463.0,4926.0,651.5
app,installment,10,2025-08,7,0,0.0,2726.1428571428573,19083.0,662.0
app,installment,10,2025-09,3,0,0.0,4016.6666666666665,12050.0,660.3333333333334
app,short_term,1,2024-01,1,0,0.0,1738.0,1738.0,560.0
app,short_term,1,2024-02,5,2,0.4,2184.6,10923.0,543.2
app,short_term,1,2024-03,4,0,0.0,2747.5,10990.0,546.0
app,short_term,1,2024-04,6,0,0.0,1942.5,11655.0,535.8333333333334
app,short_term,1,2024-05,6,1,0.16666666666666666,2921.0,17526.0,551.6666666666666
app,short_term,1,2024-06,8,0,0.0,3130.875,25047.0,551.5
app,short_term,1,2024-07,9,1,0.1111111111111111,2735.8888888888887,24623.0,544.1111111111111
app,short_term,1,2024-08,2,0,0.0,2515.0,5030.0,525.5
app,short_term,1,2024-09,4,2,0.5,2716.25,10865.0,530.75
app,short_term,1,2024-10,4,0,0.0,1940.5,7762.0,516.5
app,short_term,1,2024-11,6,0,0.0,3061.6666666666665,18370.0,548.6666666666666
app,short_term,1,2024-12,7,0,0.0,2676.5714285714284,18736.0,545.5714285714286
app,short_term,1,2025-01,7,1,0.14285714285714285,3591.1428571428573,25138.0,555.2857142857143
app,short_term,1,2025-02,4,0,0.0,2184.75,8739.0,551.0
app,short_term,1,2025-03,3,0,0.0,1768.0,5304.0,549.0
app,short_term,1,2025-04,8,2,0.25,2185.625,17485.0,518.375
app,short_term,1,2025-05,6,1,0.16666666666666666,1992.8333333333333,11957.0,545.5
app,short_term,1,2025-06,1,0,0.0,3040.0,3040.0,515.0
app,short_term,1,2025-07,8,2,0.25,2343.375,18747.0,532.5
app,short_term,1,2025-08,11,1,0.09090909090909091,2216.181818181818,24378.0,539.5454545454545
app,short_term,1,2025-09,5,0,0.0,2695.6,13478.0,548.6
app,short_term,2,2024-01,1,0,0.0,1927.0,1927.0,573.0
app,short_term,2,2024-02,4,1,0.25,2894.0,11576.0,568.5
app,short_term,2,2024-03,6,1,0.16666666666666666,3088.0,18528.0,571.0
app,short_term,2,2024-04,9,0,0.0,2821.0,25389.0,572.8888888888889
app,short_term,2,2024-05,6,0,0.0,1909.5,11457.0,569.8333333333334
app,short_term,2,2024-06,9,0,0.0,2801.1111111111113,25210.0,571.2222222222222
app,short_term,2,2024-07,3,0,0.0,3072.0,9216.0,571.0
app,short_term,2,2024-08,8,0,0.0,2581.0,20648.0,568.75
app,short_term,2,2024-09,2,0,0.0,2191.5,4383.0,566.5
app,short_term,2,2024-10,8,1,0.125,3330.0,26640.0,570.125
app,short_term,2,2024-11,5,0,0.0,3472.4,17362.0,569.2
app,short_term,2,2024-12,6,1,0.16666666666666666,2733.3333333333335,16400.0,569.1666666666666
app,short_term,2,2025-01,8,0,0.0,3318.25,26546.0,568.375
app,short_term,2,2025-02,6,0,0.0,2953.5,17721.0,570.1666666666666
app,short_term,2,2025-03,8,0,0.0,2204.5,17636.0,567.625
app,short_term,2,2025-04,5,1,0.2,2156.4,10782.0,566.8
app,short_term,2,2025-05,4,0,0.0,1982.5,7930.0,567.75
app,short_term,2,2025-06,4,0,0.0,3121.75,12487.0,566.5
app,short_term,2,2025-07,5,0,0.0,1687.8,8439.0,573.2
app,short_term,2,2025-08,4,0,0.0,2021.5,8086.0,572.25
app,short_term,2,2025-09,4,0,0.0,2104.0,8416.0,569.25
app,short_term,3,2024-01,4,0,0.0,2339.75,9359.0,586.75
app,short_term,3,2024-02,5,0,0.0,3083.8,15419.0,584.4
app,short_term,3,2024-03,11,0,0.0,2369.818181818182,26068.0,584.0909090909091
app,short_term,3,2024-04,7,0,0.0,3144.5714285714284,22012.0,586.0
app,short_term,3,2024-05,11,0,0.0,2892.818181818182,31821.0,584.8181818181819
app,short_term,3,2024-06,6,0,0.0,2030.3333333333333,12182.0,585.8333333333334
app,short_term,3,2024-07,5,0,0.0,1738.2,8691.0,585.2
app,short_term,3,2024-08,10,0,0.0,3205.7,32057.0,583.1
app,short_term,3,2024-09,10,0,0.0,2664.7,26647.0,583.9
app,short_term,3,2024-10,6,1,0.16666666666666666,3033.5,18201.0,584.5
app,short_term,3,2024-11,8,0,0.0,3302.375,26419.0,585.75
app,short_term,3,2024-12,6,0,0.0,2990.3333333333335,17942.0,584.0
app,short_term,3,2025-01,4,0,0.0,3158.0,12632.0,586.0
app,short_term,3,2025-02,7,0,0.0,2219.8571428571427,15539.0,585.0
app,short_term,3,2025-03,6,0,0.0,3292.0,19752.0,583.6666666666666
app,short_term,3,2025-04,5,0,0.0,2103.6,10518.0,583.4
app,short_term,3,2025-05,4,0,0.0,2649.75,10599.0,585.0
app,short_term,3,2025-06,9,0,0.0,2627.1111111111113,23644.0,583.4444444444445
app,short_term,3,2025-07,6,0,0.0,3559.6666666666665,21358.0,586.6666666666666
app,short_term,3,2025-08,7,0,0.0,3073.8571428571427,21517.0,586.0
app,short_term,3,2025-09,3,0,0.0,2400.0,7200.0,586.0
app,short_term,4,2024-01,1,0,0.0,1747.0,1747.0,596.0
app,short_term,4,2024-02,3,0,0.0,3306.3333333333335,9919.0,593.6666666666666
app,short_term,4,2024-03,5,0,0.0,2043.0,10215.0,594.2
app,short_term,4,2024-04,3,0,0.0,1238.0,3714.0,595.0
app,short_term,4,2024-05,2,0,0.0,4287.0,8574.0,593.0
app,short_term,4,2024-06,3,0,0.0,2668.0,8004.0,594.3333333333334
app,short_term,4,2024-07,1,0,0.0,3715.0,3715.0,593.0
app,short_term,4,2024-08,3,0,0.0,3289.6666666666665,9869.0,592.3333333333334
app,short_term,4,2024-09,4,0,0.0,2093.5,8374.0,596.0
app,short_term,4,2024-10,5,0,0.0,2165.6,10828.0,594.4
app,short_term,4,2024-11,4,0,0.0,3253.5,13014.0,594.75
app,short_term,4,2024-12,4,0,0.0,2309.5,9238.0,592.75
app,short_term,4,2025-01,1,0,0.0,3290.0,3290.0,594.0
app,short_term,4,2025-02,8,0,0.0,2747.5,21980.0,593.375
app,short_term,4,2025-03,7,0,0.0,2925.285714285714,20477.0,592.5714285714286
app,short_term,4,2025-04,5,0,0.0,2108.6,10543.0,592.6
app,short_term,4,2025-05,5,0,0.0,2645.6,13228.0,592.8
app,short_term,4,2025-06,7,0,0.0,2803.714285714286,19626.0,593.0
app,short_term,4,2025-07,5,0,0.0,2029.0,10145.0,592.6
app,short_term,4,2025-08,5,0,0.0,2814.6,14073.0,592.2
app,short_term,4,2025-09,4,0,0.0,2538.0,10152.0,594.0
app,short_term,5,2024-02,5,0,0.0,1521.0,7605.0,601.4
app,short_term,5,2024-03,3,0,0.0,3412.6666666666665,10238.0,603.0
app,short_term,5,2024-04,7,0,0.0,2205.4285714285716,15438.0,602.2857142857143
app,short_term,5,2024-05,8,0,0.0,2797.5,22380.0,601.875
app,short_term,5,2024-06,8,0,0.0,3233.375,25867.0,601.125
app,short_term,5,2024-07,5,0,0.0,3153.4,15767.0,601.2
app,short_term,5,2024-08,4,0,0.0,3172.5,12690.0,602.0
app,short_term,5,2024-09,6,0,0.0,2420.3333333333335,14522.0,601.6666666666666
app,short_term,5,2024-10,4,0,0.0,2270.75,9083.0,601.5
app,short_term,5,2024-11,6,0,0.0,2355.3333333333335,14132.0,602.3333333333334
app,short_term,5,2024-12,4,0,0.0,2127.75,8511.0,602.5
app,short_term,5,2025-01,8,0,0.0,2645.375,21163.0,602.125
app,short_term,5,2025-02,5,0,0.0,2101.0,10505.0,602.0
app,short_term,5,2025-03,6,0,0.0,2313.3333333333335,13880.0,602.0
app,short_term,5,2025-04,4,0,0.0,1373.0,5492.0,603.0
app,short_term,5,2025-05,8,0,0.0,2931.5,23452.0,602.25
app,short_term,5,2025-06,4,0,0.0,3538.75,14155.0,601.75
app,short_term,5,2025-07,7,0,0.0,2880.4285714285716,20163.0,602.4285714285714
app,short_term,5,2025-08,3,0,0.0,2881.6666666666665,8645.0,602.6666666666666
app,short_term,5,2025-09,6,0,0.0,2818.1666666666665,16909.0,601.5
app,short_term,6,2024-01,1,0,0.0,3000.0,3000.0,606.0
app,short_term,6,2024-02,6,0,0.0,2747.1666666666665,16483.0,608.8333333333334
app,short_term,6,2024-03,5,0,0.0,2400.8,12004.0,610.0
app,short_term,6,2024-04,11,0,0.0,2715.0,29865.0,609.2727272727273
app,short_term,6,2024-05,5,0,0.0,2420.6,12103.0,608.8
app,short_term,6,2024-06,5,0,0.0,2731.6,13658.0,609.2
app,short_term,6,2024-07,5,0,0.0,2914.4,14572.0,610.2
app,short_term,6,2024-08,3,0,0.0,1806.0,5418.0,608.0
app,short_term,6,2024-09,5,1,0.2,2907.2,14536.0,608.0
app,short_term,6,2024-10,4,0,0.0,2983.0,11932.0,610.0
app,short_term,6,2024-11,1,0,0.0,2319.0,2319.0,612.0
app,short_term,6,2024-12,4,0,0.0,2995.75,11983.0,608.75
app,short_term,6,2025-01,5,0,0.0,2823.0,14115.0,609.2
app,short_term,6,2025-02,8,0,0.0,3117.75,24942.0,609.125
app,short_term,6,2025-04,12,1,0.08333333333333333,2548.0,30576.0,608.25
app,short_term,6,2025-05,6,1,0.16666666666666666,2624.1666666666665,15745.0,610.3333333333334
app,short_term,6,2025-06,5,0,0.0,1892.6,9463.0,609.6
app,short_term,6,2025-07,6,0,0.0,3003.3333333333335,18020.0,610.5
app,short_term,6,2025-08,1,0,0.0,1385.0,1385.0,609.0
app,short_term,6,2025-09,8,0,0.0,3051.5,24412.0,609.25
app,short_term,7,2024-01,2,0,0.0,1923.0,3846.0,618.5
app,short_term,7,2024-02,2,0,0.0,2609.0,5218.0,617.0
app,short_term,7,2024-03,5,0,0.0,3944.6,19723.0,617.4
app,short_term,7,2024-04,9,0,0.0,2837.6666666666665,25539.0,618.4444444444445
app,short_term,7,2024-05,7,0,0.0,2232.8571428571427,15630.0,618.8571428571429
app,short_term,7,2024-06,11,0,0.0,2733.818181818182,30072.0,616.5454545454545
app,short_term,7,2024-07,6,0,0.0,2042.6666666666667,12256.0,618.1666666666666
app,short_term,7,2024-08,6,0,0.0,3949.0,23694.0,617.5
app,short_term,7,2024-09,8,0,0.0,2392.5,19140.0,619.125
app,short_term,7,2024-10,5,0,0.0,2516.2,12581.0,618.0
app,short_term,7,2024-11,8,0,0.0,2763.375,22107.0,618.375
app,short_term,7,2024-12,7,0,0.0,2578.8571428571427,18052.0,616.1428571428571
app,short_term,7,2025-01,6,0,0.0,2749.3333333333335,16496.0,616.5
app,short_term,7,2025-02,6,0,0.0,2486.8333333333335,14921.0,616.8333333333334
app,short_term,7,2025-03,6,0,0.0,2637.5,15825.0,618.0
app,short_term,7,2025-04,6,0,0.0,3273.6666666666665,19642.0,618.0
app,short_term,7,2025-05,5,0,0.0,3579.8,17899.0,616.4
app,short_term,7,2025-06,8,0,0.0,3448.25,27586.0,617.625
app,short_term,7,2025-07,4,0,0.0,2570.25,10281.0,619.5
app,short_term,7,2025-08,7,0,0.0,2177.285714285714,15241.0,617.1428571428571
app,short_term,7,2025-09,2,0,0.0,1267.0,2534.0,617.0
app,short_term,8,2024-01,2,0,0.0,3890.5,7781.0,626.0
app,short_term,8,2024-02,5,0,0.0,2035.2,10176.0,626.4
app,short_term,8,2024-03,4,0,0.0,3646.5,14586.0,624.0
app,short_term,8,2024-04,5,0,0.0,1387.8,6939.0,625.2
app,short_term,8,2024-05,7,0,0.0,1401.4285714285713,9810.0,625.7142857142857
app,short_term,8,2024-06,4,0,0.0,2207.5,8830.0,625.5
app,short_term,8,2024-07,6,0,0.0,2330.1666666666665,13981.0,626.8333333333334
app,short_term,8,2024-08,8,0,0.0,2173.625,17389.0,627.0
app,short_term,8,2024-09,9,0,0.0,3088.0,27792.0,625.7777777777778
app,short_term,8,2024-10,5,0,0.0,3014.6,15073.0,625.0
app,short_term,8,2024-11,8,0,0.0,3045.0,24360.0,625.5
app,short_term,8,2024-12,7,0,0.0,2184.0,15288.0,625.1428571428571
app,short_term,8,2025-01,3,1,0.3333333333333333,2807.3333333333335,8422.0,625.6666666666666
app,short_term,8,2025-02,2,0,0.0,2482.5,4965.0,627.5
app,short_term,8,2025-03,7,0,0.0,2060.285714285714,14422.0,626.5714285714286
app,short_term,8,2025-04,2,0,0.0,4782.0,9564.0,627.0
app,short_term,8,2025-05,6,0,0.0,2185.0,13110.0,626.8333333333334
app,short_term,8,2025-06,7,0,0.0,1769.142857142857,12384.0,626.7142857142857
app,short_term,8,2025-07,5,1,0.2,2773.4,13867.0,626.8
app,short_term,8,2025-08,6,1,0.16666666666666666,3068.0,18408.0,627.0
app,short_term,8,2025-09,2,1,0.5,4431.0,8862.0,624.5
app,short_term,9,2024-02,2,0,0.0,1100.5,2201.0,641.5
app,short_term,9,2024-03,8,0,0.0,3435.0,27480.0,636.5
app,short_term,9,2024-04,6,0,0.0,2808.8333333333335,16853.0,641.1666666666666
app,short_term,9,2024-05,9,0,0.0,1621.5555555555557,14594.0,637.8888888888889
app,short_term,9,2024-06,5,0,0.0,2822.0,14110.0,639.0
app,short_term,9,2024-07,9,0,0.0,2331.4444444444443,20983.0,638.6666666666666
app,short_term,9,2024-08,4,0,0.0,2896.5,11586.0,638.25
app,short_term,9,2024-09,6,0,0.0,3338.3333333333335,20030.0,638.3333333333334
app,short_term,9,2024-10,1,0,0.0,3378.0,3378.0,644.0
app,short_term,9,2024-11,7,0,0.0,2389.1428571428573,16724.0,642.8571428571429
app,short_term,9,2024-12,5,0,0.0,3002.2,15011.0,638.2
app,short_term,9,2025-01,3,0,0.0,3099.0,9297.0,641.3333333333334
app,short_term,9,2025-02,6,0,0.0,3335.3333333333335,20012.0,636.1666666666666
app,short_term,9,2025-03,4,0,0.0,2920.25,11681.0,641.5
app,short_term,9,2025-04,2,0,0.0,1653.5,3307.0,640.5
app,short_term,9,2025-05,2,0,0.0,2826.0,5652.0,638.5
app,short_term,9,2025-06,3,0,0.0,2578.6666666666665,7736.0,641.6666666666666
app,short_term,9,2025-07,5,0,0.0,2009.0,10045.0,635.8
app,short_term,9,2025-08,3,0,0.0,3203.3333333333335,9610.0,636.6666666666666
app,short_term,9,2025-09,2,0,0.0,1449.0,2898.0,636.0
app,short_term,10,2024-01,2,0,0.0,4169.5,8339.0,649.0
app,short_term,10,2024-02,3,0,0.0,3020.3333333333335,9061.0,660.6666666666666
app,short_term,10,2024-03,4,0,0.0,2977.75,11911.0,657.5
app,short_term,10,2024-04,4,0,0.0,3934.0,15736.0,657.75
app,short_term,10,2024-05,7,0,0.0,2769.5714285714284,19387.0,664.1428571428571
app,short_term,10,2024-06,7,0,0.0,2803.8571428571427,19627.0,662.8571428571429
app,short_term,10,2024-07,4,0,0.0,3863.5,15454.0,653.0
app,short_term,10,2024-08,2,0,0.0,3562.5,7125.0,659.0
app,short_term,10,2024-09,6,0,0.0,2905.5,17433.0,667.0
app,short_term,10,2024-10,7,0,0.0,2692.1428571428573,18845.0,653.0
app,short_term,10,2024-11,7,0,0.0,2606.4285714285716,18245.0,664.8571428571429
app,short_term,10,2024-12,3,0,0.0,3544.6666666666665,10634.0,654.0
app,short_term,10,2025-01,8,0,0.0,3044.5,24356.0,664.25
app,short_term,10,2025-02,3,0,0.0,1934.3333333333333,5803.0,655.0
app,short_term,10,2025-03,2,0,0.0,3835.0,7670.0,654.0
app,short_term,10,2025-04,3,0,0.0,3337.6666666666665,10013.0,653.3333333333334
app,short_term,10,2025-05,8,0,0.0,3159.5,25276.0,666.25
app,short_term,10,2025-06,6,0,0.0,2458.8333333333335,14753.0,666.1666666666666
app,short_term,10,2025-07,4,0,0.0,1542.25,6169.0,659.25
app,short_term,10,2025-08,4,0,0.0,3671.25,14685.0,666.25
app,short_term,10,2025-09,6,0,0.0,1909.8333333333333,11459.0,662.5
partner,installment,1,2024-01,1,0,0.0,3177.0,3177.0,525.0
partner,installment,1,2024-03,1,0,0.0,2011.0,2011.0,553.0
partner,installment,1,2024-05,1,0,0.0,3611.0,3611.0,551.0
partner,installment,1,2024-07,1,0,0.0,3056.0,3056.0,548.0
partner,installment,1,2024-10,1,0,0.0,3775.0,3775.0,522.0
partner,installment,1,2024-11,1,1,1.0,735.0,735.0,544.0
partner,installment,1,2025-02,2,0,0.0,3561.0,7122.0,533.0
partner,installment,1,2025-04,1,0,0.0,961.0,961.0,561.0
partner,installment,1,2025-05,1,0,0.0,3330.0,3330.0,551.0
partner,installment,1,2025-07,1,0,0.0,2638.0,2638.0,561.0
partner,installment,1,2025-08,1,0,0.0,1711.0,1711.0,545.0
partner,installment,2,2024-03,1,0,0.0,2739.0,2739.0,576.0
partner,installment,2,2024-04,1,0,0.0,1058.0,1058.0,576.0
partner,installment,2,2024-06,1,0,0.0,4942.0,4942.0,576.0
partner,installment,2,2024-07,1,0,0.0,4044.0,4044.0,572.0
partner,installment,2,2024-09,1,0,0.0,3355.0,3355.0,564.0
partner,installment,2,2024-10,1,0,0.0,3953.0,3953.0,562.0
partner,installment,2,2025-02,2,0,0.0,3749.0,7498.0,576.5
partner,installment,2,2025-04,1,0,0.0,3762.0,3762.0,569.0
partner,installment,2,2025-06,1,0,0.0,782.0,782.0,565.0
partner,installment,2,2025-07,1,0,0.0,1697.0,1697.0,576.0
partner,installment,3,2024-11,1,0,0.0,3820.0,3820.0,589.0
partner,installment,3,2024-12,1,0,0.0,1979.0,1979.0,579.0
partner,installment,3,2025-02,1,1,1.0,3842.0,3842.0,580.0
partner,installment,3,2025-03,2,0,0.0,3883.5,7767.0,582.5
partner,installment,3,2025-04,1,0,0.0,2382.0,2382.0,589.0
partner,installment,3,2025-08,2,0,0.0,3839.0,7678.0,582.5
partner,installment,4,2024-03,1,0,0.0,2483.0,2483.0,596.0
partner,installment,4,2024-11,2,1,0.5,3991.0,7982.0,591.5
partner,installment,4,2025-02,1,0,0.0,588.0,588.0,591.0
partner,installment,4,2025-04,2,0,0.0,3240.5,6481.0,595.5
partner,installment,4,2025-05,1,0,0.0,3638.0,3638.0,597.0
partner,installment,4,2025-06,2,0,0.0,3780.0,7560.0,594.0
partner,installment,4,2025-09,1,0,0.0,3006.0,3006.0,594.0
partner,installment,5,2024-03,1,0,0.0,4478.0,4478.0,599.0
partner,installment,5,2024-04,1,0,0.0,4241.0,4241.0,599.0
partner,installment,5,2024-07,1,0,0.0,811.0,811.0,598.0
partner,installment,5,2024-08,2,0,0.0,2121.0,4242.0,604.0
partner,installment,5,2024-11,1,0,0.0,1455.0,1455.0,601.0
partner,installment,5,2025-02,1,0,0.0,3099.0,3099.0,599.0
partner,installment,5,2025-04,1,0,0.0,4131.0,4131.0,599.0
partner,installment,5,2025-05,1,0,0.0,890.0,890.0,604.0
partner,installment,5,2025-08,2,0,0.0,3610.5,7221.0,599.0
partner,installment,5,2025-09,1,0,0.0,1860.0,1860.0,604.0
partner,installment,6,2024-01,1,0,0.0,3606.0,3606.0,610.0
partner,installment,6,2024-02,1,0,0.0,1309.0,1309.0,610.0
partner,installment,6,2024-03,1,0,0.0,2647.0,2647.0,607.0
partner,installment,6,2024-05,1,0,0.0,3469.0,3469.0,607.0
partner,installment,6,2024-07,1,0,0.0,1241.0,1241.0,609.0
partner,installment,6,2024-10,3,0,0.0,3425.6666666666665,10277.0,610.0
partner,installment,6,2024-11,1,0,0.0,3266.0,3266.0,606.0
partner,installment,6,2024-12,1,0,0.0,4765.0,4765.0,608.0
partner,installment,6,2025-03,2,0,0.0,4254.0,8508.0,611.5
partner,installment,6,2025-06,1,0,0.0,1173.0,1173.0,606.0
partner,installment,6,2025-07,1,0,0.0,909.0,909.0,607.0
partner,installment,6,2025-08,1,0,0.0,3149.0,3149.0,609.0
partner,installment,6,2025-09,1,0,0.0,1540.0,1540.0,610.0
partner,installment,7,2024-02,1,0,0.0,3223.0,3223.0,617.0
partner,installment,7,2024-04,1,0,0.0,2405.0,2405.0,621.0
partner,installment,7,2024-05,1,0,0.0,1328.0,1328.0,621.0
partner,installment,7,2024-07,1,0,0.0,620.0,620.0,620.0
partner,installment,7,2024-08,1,0,0.0,3374.0,3374.0,617.0
partner,installment,7,2024-09,2,0,0.0,2091.0,4182.0,619.5
partner,installment,7,2024-11,1,0,0.0,1092.0,1092.0,617.0
partner,installment,7,2025-02,2,0,0.0,904.5,1809.0,618.0
partner,installment,7,2025-03,1,0,0.0,2906.0,2906.0,617.0
partner,installment,7,2025-05,1,0,0.0,2189.0,2189.0,617.0
partner,installment,7,2025-06,1,0,0.0,959.0,959.0,617.0
partner,installment,8,2024-02,1,0,0.0,1585.0,1585.0,625.0
partner,installment,8,2024-05,1,0,0.0,1392.0,1392.0,622.0
partner,installment,8,2024-06,1,0,0.0,2282.0,2282.0,622.0
partner,installment,8,2024-07,1,0,0.0,4509.0,4509.0,631.0
partner,installment,8,2024-08,2,0,0.0,1950.5,3901.0,626.5
partner,installment,8,2024-10,2,0,0.0,4401.0,8802.0,625.5
partner,installment,8,2025-01,2,0,0.0,3302.0,6604.0,629.5
partner,installment,8,2025-05,1,0,0.0,4329.0,4329.0,628.0
partner,installment,8,2025-09,1,0,0.0,3424.0,3424.0,623.0
partner,installment,9,2024-05,1,0,0.0,3126.0,3126.0,639.0
partner,installment,9,2024-09,2,0,0.0,3272.5,6545.0,639.0
partner,installment,9,2024-11,1,0,0.0,2250.0,2250.0,634.0
partner,installment,9,2024-12,1,0,0.0,4922.0,4922.0,635.0
partner,installment,9,2025-07,1,0,0.0,2002.0,2002.0,635.0
partner,installment,10,2024-05,1,0,0.0,702.0,702.0,657.0
partner,installment,10,2024-08,1,0,0.0,3528.0,3528.0,652.0
partner,installment,10,2024-09,3,0,0.0,3238.6666666666665,9716.0,660.3333333333334
partner,installment,10,2024-10,3,0,0.0,3993.6666666666665,11981.0,669.3333333333334
partner,installment,10,2024-11,1,0,0.0,3771.0,3771.0,647.0
partner,installment,10,2025-03,3,0,0.0,3366.0,10098.0,654.3333333333334
partner,installment,10,2025-06,1,0,0.0,3437.0,3437.0,667.0
partner,installment,10,2025-08,2,0,0.0,2298.0,4596.0,679.0
partner,installment,10,2025-09,1,0,0.0,1931.0,1931.0,647.0
partner,short_term,1,2024-02,1,0,0.0,2409.0,2409.0,544.0
partner,short_term,1,2024-05,1,0,0.0,3613.0,3613.0,553.0
partner,short_term,1,2024-12,2,0,0.0,2981.5,5963.0,553.0
partner,short_term,1,2025-03,1,0,0.0,4480.0,4480.0,553.0
partner,short_term,1,2025-04,2,0,0.0,2783.0,5566.0,533.0
partner,short_term,1,2025-06,1,0,0.0,4263.0,4263.0,535.0
partner,short_term,1,2025-07,1,0,0.0,3394.0,3394.0,548.0
partner,short_term,1,2025-09,2,0,0.0,1740.0,3480.0,551.5
partner,short_term,2,2024-02,2,0,0.0,2763.5,5527.0,566.0
partner,short_term,2,2024-04,1,0,0.0,2875.0,2875.0,565.0
partner,short_term,2,2024-08,2,0,0.0,2547.5,5095.0,570.0
partner,short_term,2,2024-10,2,0,0.0,1946.0,3892.0,569.5
partner,short_term,2,2025-02,2,0,0.0,2888.5,5777.0,569.0
partner,short_term,2,2025-03,2,0,0.0,1994.0,3988.0,570.0
partner,short_term,2,2025-05,1,0,0.0,4655.0,4655.0,567.0
partner,short_term,2,2025-06,2,0,0.0,1823.0,3646.0,571.0
partner,short_term,2,2025-07,3,0,0.0,1479.6666666666667,4439.0,574.6666666666666
partner,short_term,2,2025-08,1,0,0.0,3812.0,3812.0,568.0
partner,short_term,2,2025-09,1,0,0.0,1361.0,1361.0,575.0
partner,short_term,3,2024-02,2,0,0.0,3105.0,6210.0,582.5
partner,short_term,3,2024-04,2,0,0.0,2632.5,5265.0,582.5
partner,short_term,3,2024-05,1,0,0.0,1003.0,1003.0,581.0
partner,short_term,3,2024-06,1,0,0.0,567.0,567.0,581.0
partner,short_term,3,2024-08,1,0,0.0,815.0,815.0,588.0
partner,short_term,3,2024-11,1,0,0.0,1065.0,1065.0,584.0
partner,short_term,3,2025-01,2,0,0.0,3728.0,7456.0,582.5
partner,short_term,3,2025-02,2,0,0.0,864.0,1728.0,583.5
partner,short_term,3,2025-04,1,0,0.0,1630.0,1630.0,582.0
partner,short_term,3,2025-07,1,0,0.0,3052.0,3052.0,580.0
partner,short_term,4,2024-05,1,0,0.0,1304.0,1304.0,594.0
partner,short_term,4,2024-06,1,0,0.0,884.0,884.0,596.0
partner,short_term,4,2024-11,1,0,0.0,3614.0,3614.0,591.0
partner,short_term,4,2025-02,2,0,0.0,2142.0,4284.0,591.5
partner,short_term,4,2025-03,1,0,0.0,2007.0,2007.0,590.0
partner,short_term,4,2025-04,1,0,0.0,3593.0,3593.0,591.0
partner,short_term,4,2025-05,3,0,0.0,1606.6666666666667,4820.0,593.3333333333334
partner,short_term,5,2024-02,1,0,0.0,4057.0,4057.0,600.0
partner,short_term,5,2024-04,2,0,0.0,2518.5,5037.0,602.5
partner,short_term,5,2024-05,1,0,0.0,1100.0,1100.0,598.0
partner,short_term,5,2024-06,2,0,0.0,1418.5,2837.0,601.5
partner,short_term,5,2024-07,2,0,0.0,2856.0,5712.0,602.0
partner,short_term,5,2024-08,3,0,0.0,2770.0,8310.0,601.0
partner,short_term,5,2024-09,2,0,0.0,2407.5,4815.0,602.5
partner,short_term,5,2024-10,1,0,0.0,2659.0,2659.0,602.0
partner,short_term,5,2025-01,2,0,0.0,899.0,1798.0,601.0
partner,short_term,5,2025-03,1,0,0.0,3559.0,3559.0,605.0
partner,short_term,5,2025-04,2,0,0.0,2686.0,5372.0,603.0
partner,short_term,5,2025-05,2,0,0.0,3482.5,6965.0,602.0
partner,short_term,5,2025-07,2,0,0.0,2649.5,5299.0,604.5
partner,short_term,5,2025-08,1,0,0.0,3319.0,3319.0,602.0
partner,short_term,6,2024-01,1,0,0.0,1331.0,1331.0,612.0
partner,short_term,6,2024-02,2,0,0.0,1046.0,2092.0,608.0
partner,short_term,6,2024-05,1,0,0.0,3986.0,3986.0,607.0
partner,short_term,6,2024-09,4,0,0.0,2592.5,10370.0,609.25
partner,short_term,6,2024-10,1,0,0.0,4625.0,4625.0,609.0
partner,short_term,6,2024-12,1,0,0.0,1350.0,1350.0,607.0
partner,short_term,6,2025-06,1,0,0.0,2402.0,2402.0,612.0
partner,short_term,6,2025-09,1,0,0.0,1911.0,1911.0,609.0
partner,short_term,7,2024-01,1,0,0.0,1722.0,1722.0,620.0
partner,short_term,7,2024-02,1,0,0.0,4191.0,4191.0,615.0
partner,short_term,7,2024-03,2,0,0.0,3412.5,6825.0,615.5
partner,short_term,7,2024-04,2,0,0.0,2674.0,5348.0,616.5
partner,short_term,7,2024-06,1,0,0.0,1736.0,1736.0,615.0
partner,short_term,7,2024-07,2,0,0.0,2638.0,5276.0,620.5
partner,short_term,7,2024-08,1,0,0.0,3958.0,3958.0,614.0
partner,short_term,7,2024-11,1,0,0.0,2782.0,2782.0,619.0
partner,short_term,7,2025-01,1,0,0.0,2881.0,2881.0,620.0
partner,short_term,7,2025-02,1,0,0.0,3020.0,3020.0,618.0
partner,short_term,7,2025-03,1,0,0.0,3549.0,3549.0,616.0
partner,short_term,7,2025-04,1,0,0.0,3672.0,3672.0,619.0
partner,short_term,7,2025-05,1,0,0.0,1647.0,1647.0,614.0
partner,short_term,7,2025-07,1,0,0.0,2892.0,2892.0,621.0
partner,short_term,7,2025-08,1,0,0.0,3823.0,3823.0,614.0
partner,short_term,7,2025-09,2,0,0.0,1410.5,2821.0,616.5
partner,short_term,8,2024-03,1,0,0.0,1641.0,1641.0,623.0
partner,short_term,8,2024-04,1,0,0.0,1690.0,1690.0,630.0
partner,short_term,8,2024-05,2,0,0.0,3202.5,6405.0,626.0
partner,short_term,8,2024-06,2,0,0.0,1771.5,3543.0,624.5
partner,short_term,8,2024-08,1,0,0.0,4420.0,4420.0,626.0
partner,short_term,8,2024-11,2,0,0.0,3349.5,6699.0,629.0
partner,short_term,8,2024-12,3,0,0.0,3718.0,11154.0,626.6666666666666
partner,short_term,8,2025-01,1,0,0.0,4380.0,4380.0,631.0
partner,short_term,8,2025-02,1,0,0.0,3432.0,3432.0,630.0
partner,short_term,8,2025-05,1,0,0.0,1641.0,1641.0,625.0
partner,short_term,8,2025-06,1,0,0.0,2527.0,2527.0,625.0
partner,short_term,8,2025-08,1,0,0.0,2915.0,2915.0,624.0
partner,short_term,8,2025-09,2,0,0.0,3060.5,6121.0,630.0
partner,short_term,9,2024-02,1,0,0.0,906.0,906.0,644.0
partner,short_term,9,2024-03,2,0,0.0,3041.0,6082.0,632.5
partner,short_term,9,2024-04,1,0,0.0,1361.0,1361.0,636.0
partner,short_term,9,2024-05,2,0,0.0,2555.5,5111.0,640.5
partner,short_term,9,2024-07,2,0,0.0,2837.0,5674.0,643.5
partner,short_term,9,2024-10,1,0,0.0,2848.0,2848.0,635.0
partner,short_term,9,2024-11,1,0,0.0,3127.0,3127.0,645.0
partner,short_term,9,2024-12,2,0,0.0,2828.0,5656.0,636.5
partner,short_term,9,2025-02,1,0,0.0,4615.0,4615.0,634.0
partner,short_term,9,2025-03,1,0,0.0,1334.0,1334.0,637.0
partner,short_term,9,2025-06,2,0,0.0,4503.0,9006.0,639.5
partner,short_term,9,2025-07,1,0,0.0,4166.0,4166.0,632.0
partner,short_term,9,2025-08,1,0,0.0,1231.0,1231.0,644.0
partner,short_term,10,2024-04,1,0,0.0,2174.0,2174.0,649.0
partner,short_term,10,2024-05,2,0,0.0,2680.5,5361.0,650.5
partner,short_term,10,2024-06,2,0,0.0,3492.0,6984.0,666.0
partner,short_term,10,2024-08,1,0,0.0,637.0,637.0,658.0
partner,short_term,10,2024-10,2,0,0.0,2886.5,5773.0,660.5
partner,short_term,10,2024-12,1,0,0.0,4400.0,4400.0,669.0
partner,short_term,10,2025-01,1,0,0.0,953.0,953.0,650.0
partner,short_term,10,2025-02,3,0,0.0,2930.6666666666665,8792.0,649.6666666666666
partner,short_term,10,2025-04,1,0,0.0,1589.0,1589.0,651.0
partner,short_term,10,2025-05,1,0,0.0,4032.0,4032.0,646.0
partner,short_term,10,2025-06,2,0,0.0,3237.0,6474.0,665.0
partner,short_term,10,2025-07,2,0,0.0,1386.5,2773.0,659.5
partner,short_term,10,2025-08,2,0,0.0,3490.5,6981.0,661.5
web,installment,1,2024-01,1,0,0.0,2891.0,2891.0,561.0
web,installment,1,2024-04,4,1,0.25,2240.0,8960.0,534.25
web,installment,1,2024-05,2,0,0.0,865.5,1731.0,546.0
web,installment,1,2024-06,2,0,0.0,2875.5,5751.0,556.5
web,installment,1,2024-08,1,0,0.0,662.0,662.0,558.0
web,installment,1,2024-10,3,0,0.0,3323.6666666666665,9971.0,544.6666666666666
web,installment,1,2024-11,5,0,0.0,3172.2,15861.0,546.4
web,installment,1,2024-12,1,0,0.0,4691.0,4691.0,555.0
web,installment,1,2025-02,4,1,0.25,3078.25,12313.0,525.0
web,installment,1,2025-03,1,0,0.0,3279.0,3279.0,540.0
web,installment,1,2025-05,1,0,0.0,3791.0,3791.0,561.0
web,installment,1,2025-06,1,0,0.0,3691.0,3691.0,543.0
web,installment,1,2025-07,2,0,0.0,2954.5,5909.0,547.5
web,installment,1,2025-08,1,0,0.0,2510.0,2510.0,526.0
web,installment,1,2025-09,2,0,0.0,2351.0,4702.0,530.5
web,installment,2,2024-01,1,0,0.0,3927.0,3927.0,571.0
web,installment,2,2024-02,1,0,0.0,4260.0,4260.0,571.0
web,installment,2,2024-03,1,0,0.0,1485.0,1485.0,568.0
web,installment,2,2024-04,3,0,0.0,1803.3333333333333,5410.0,569.3333333333334
web,installment,2,2024-05,3,0,0.0,1942.0,5826.0,569.6666666666666
web,installment,2,2024-06,3,0,0.0,3145.6666666666665,9437.0,566.6666666666666
web,installment,2,2024-07,1,0,0.0,1174.0,1174.0,573.0
web,installment,2,2024-08,2,0,0.0,1516.5,3033.0,569.0
web,installment,2,2024-12,2,0,0.0,2602.0,5204.0,567.0
web,installment,2,2025-04,1,0,0.0,2933.0,2933.0,573.0
web,installment,2,2025-06,2,0,0.0,3329.5,6659.0,575.5
web,installment,2,2025-07,2,0,0.0,2055.5,4111.0,568.5
web,installment,2,2025-08,2,0,0.0,2250.0,4500.0,565.0
web,installment,3,2024-02,3,0,0.0,2509.0,7527.0,584.6666666666666
web,installment,3,2024-03,2,0,0.0,3675.0,7350.0,586.5
web,installment,3,2024-05,2,0,0.0,4049.0,8098.0,580.0
web,installment,3,2024-06,2,0,0.0,2903.0,5806.0,584.5
web,installment,3,2024-07,3,0,0.0,2124.6666666666665,6374.0,583.0
web,installment,3,2024-08,2,0,0.0,4313.5,8627.0,584.0
web,installment,3,2024-09,3,0,0.0,2662.0,7986.0,586.0
web,installment,3,2024-10,3,0,0.0,3448.3333333333335,10345.0,582.0
web,installment,3,2024-11,1,0,0.0,3769.0,3769.0,583.0
web,installment,3,2024-12,1,0,0.0,3914.0,3914.0,579.0
web,installment,3,2025-01,2,0,0.0,3497.0,6994.0,580.5
web,installment,3,2025-02,3,0,0.0,2274.0,6822.0,588.6666666666666
web,installment,3,2025-03,1,0,0.0,2030.0,2030.0,582.0
web,installment,3,2025-05,1,0,0.0,3585.0,3585.0,587.0
web,installment,3,2025-06,2,0,0.0,3780.0,7560.0,584.5
web,installment,3,2025-07,2,0,0.0,3112.0,6224.0,587.0
web,installment,3,2025-08,1,0,0.0,3484.0,3484.0,586.0
web,installment,4,2024-02,1,0,0.0,2347.0,2347.0,592.0
web,installment,4,2024-03,2,0,0.0,1578.0,3156.0,591.0
web,installment,4,2024-04,1,0,0.0,3583.0,3583.0,591.0
web,installment,4,2024-05,1,0,0.0,933.0,933.0,595.0
web,installment,4,2024-06,4,0,0.0,2825.75,11303.0,593.5
web,installment,4,2024-07,1,0,0.0,4357.0,4357.0,594.0
web,installment,4,2024-08,1,0,0.0,3889.0,3889.0,597.0
web,installment,4,2024-09,2,0,0.0,3716.5,7433.0,596.0
web,installment,4,2024-10,1,0,0.0,3260.0,3260.0,595.0
web,installment,4,2024-11,6,0,0.0,2451.1666666666665,14707.0,592.6666666666666
web,installment,4,2024-12,2,0,0.0,1553.5,3107.0,592.5
web,installment,4,2025-02,3,0,0.0,2250.0,6750.0,593.0
web,installment,4,2025-03,1,0,0.0,3328.0,3328.0,595.0
web,installment,4,2025-04,1,0,0.0,687.0,687.0,596.0
web,installment,4,2025-05,1,0,0.0,835.0,835.0,592.0
web,installment,4,2025-06,3,0,0.0,2125.0,6375.0,593.0
web,installment,4,2025-07,3,0,0.0,2969.0,8907.0,593.6666666666666
web,installment,4,2025-09,1,0,0.0,2685.0,2685.0,595.0
web,installment,5,2024-01,1,0,0.0,1906.0,1906.0,603.0
web,installment,5,2024-02,1,0,0.0,2648.0,2648.0,598.0
web,installment,5,2024-03,1,0,0.0,4947.0,4947.0,598.0
web,installment,5,2024-04,1,0,0.0,1795.0,1795.0,603.0
web,installment,5,2024-05,3,0,0.0,3551.3333333333335,10654.0,602.6666666666666
web,installment,5,2024-07,2,0,0.0,2028.0,4056.0,601.0
web,installment,5,2024-09,1,0,0.0,4516.0,4516.0,599.0
web,installment,5,2024-10,3,0,0.0,3868.3333333333335,11605.0,601.0
web,installment,5,2024-11,1,0,0.0,1358.0,1358.0,604.0
web,installment,5,2024-12,3,0,0.0,3059.3333333333335,9178.0,601.6666666666666
web,installment,5,2025-01,1,0,0.0,4941.0,4941.0,601.0
web,installment,5,2025-02,1,0,0.0,3083.0,3083.0,602.0
web,installment,5,2025-04,1,0,0.0,4402.0,4402.0,605.0
web,installment,5,2025-06,1,0,0.0,666.0,666.0,602.0
web,installment,5,2025-07,2,0,0.0,1383.5,2767.0,601.0
web,installment,5,2025-08,1,0,0.0,2405.0,2405.0,598.0
web,installment,5,2025-09,1,0,0.0,815.0,815.0,604.0
web,installment,6,2024-03,2,0,0.0,4630.0,9260.0,611.0
web,installment,6,2024-04,1,0,0.0,1114.0,1114.0,610.0
web,installment,6,2024-05,2,0,0.0,3279.0,6558.0,607.5
web,installment,6,2024-06,4,0,0.0,3339.0,13356.0,610.5
web,installment,6,2024-07,1,0,0.0,4861.0,4861.0,607.0
web,installment,6,2024-08,1,0,0.0,1818.0,1818.0,612.0
web,installment,6,2024-09,2,0,0.0,1592.0,3184.0,612.0
web,installment,6,2024-10,1,0,0.0,2132.0,2132.0,609.0
web,installment,6,2025-01,1,0,0.0,1523.0,1523.0,607.0
web,installment,6,2025-03,2,0,0.0,4020.0,8040.0,610.0
web,installment,6,2025-04,5,0,0.0,3520.0,17600.0,610.4
web,installment,6,2025-06,1,0,0.0,2228.0,2228.0,608.0
web,installment,6,2025-07,1,0,0.0,2204.0,2204.0,607.0
web,installment,6,2025-08,2,0,0.0,1873.5,3747.0,611.5
web,installment,7,2024-02,1,0,0.0,1412.0,1412.0,619.0
web,installment,7,2024-03,1,0,0.0,731.0,731.0,621.0
web,installment,7,2024-04,2,0,0.0,2728.0,5456.0,616.5
web,installment,7,2024-05,2,0,0.0,2415.0,4830.0,617.0
web,installment,7,2024-06,1,0,0.0,3101.0,3101.0,614.0
web,installment,7,2024-08,2,0,0.0,1939.5,3879.0,616.0
web,installment,7,2024-09,1,0,0.0,3471.0,3471.0,614.0
web,installment,7,2024-10,1,0,0.0,4922.0,4922.0,617.0
web,installment,7,2024-12,4,0,0.0,3174.25,12697.0,619.5
web,installment,7,2025-01,2,0,0.0,3443.0,6886.0,618.0
web,installment,7,2025-04,3,0,0.0,1459.6666666666667,4379.0,618.3333333333334
web,installment,7,2025-05,2,0,0.0,4394.0,8788.0,617.5
web,installment,7,2025-06,1,0,0.0,4215.0,4215.0,619.0
web,installment,7,2025-07,1,0,0.0,4978.0,4978.0,615.0
web,installment,7,2025-08,3,0,0.0,2364.0,7092.0,616.6666666666666
web,installment,7,2025-09,2,0,0.0,2885.0,5770.0,620.5
web,installment,8,2024-02,3,0,0.0,2539.3333333333335,7618.0,627.3333333333334
web,installment,8,2024-05,1,0,0.0,3169.0,3169.0,631.0
web,installment,8,2024-06,2,0,0.0,2891.0,5782.0,626.5
web,installment,8,2024-10,1,0,0.0,4317.0,4317.0,625.0
web,installment,8,2024-12,1,0,0.0,4501.0,4501.0,627.0
web,installment,8,2025-01,1,0,0.0,4259.0,4259.0,625.0
web,installment,8,2025-02,2,0,0.0,1848.0,3696.0,630.0
web,installment,8,2025-03,2,0,0.0,1374.5,2749.0,627.5
web,installment,8,2025-04,2,0,0.0,2856.0,5712.0,625.5
web,installment,8,2025-05,2,0,0.0,2135.5,4271.0,627.5
web,installment,8,2025-06,2,0,0.0,4135.5,8271.0,628.5
web,installment,9,2024-02,1,0,0.0,2042.0,2042.0,637.0
web,installment,9,2024-03,2,0,0.0,3975.5,7951.0,637.5
web,installment,9,2024-05,4,0,0.0,2948.25,11793.0,638.0
web,installment,9,2024-06,1,0,0.0,3408.0,3408.0,637.0
web,installment,9,2024-07,2,0,0.0,3969.0,7938.0,639.0
web,installment,9,2024-08,5,0,0.0,1911.2,9556.0,638.6
web,installment,9,2024-10,3,0,0.0,2617.3333333333335,7852.0,638.3333333333334
web,installment,9,2024-11,2,0,0.0,2759.0,5518.0,632.0
web,installment,9,2024-12,1,0,0.0,2024.0,2024.0,642.0
web,installment,9,2025-01,1,0,0.0,3045.0,3045.0,632.0
web,installment,9,2025-02,3,0,0.0,3195.6666666666665,9587.0,637.0
web,installment,9,2025-03,1,0,0.0,1984.0,1984.0,639.0
web,installment,9,2025-04,2,0,0.0,1560.0,3120.0,633.5
web,installment,9,2025-05,1,0,0.0,1930.0,1930.0,639.0
web,installment,9,2025-08,1,0,0.0,3101.0,3101.0,637.0
web,installment,10,2024-01,1,0,0.0,1104.0,1104.0,656.0
web,installment,10,2024-02,4,0,0.0,2022.0,8088.0,668.75
web,installment,10,2024-03,2,0,0.0,4501.0,9002.0,656.0
web,installment,10,2024-04,1,0,0.0,2479.0,2479.0,660.0
web,installment,10,2024-06,2,0,0.0,2018.5,4037.0,650.0
web,installment,10,2024-07,2,0,0.0,1080.5,2161.0,660.5
web,installment,10,2024-08,4,0,0.0,3233.5,12934.0,651.25
web,installment,10,2024-09,1,0,0.0,2976.0,2976.0,654.0
web,installment,10,2024-10,1,0,0.0,1056.0,1056.0,680.0
web,installment,10,2024-12,1,0,0.0,4456.0,4456.0,674.0
web,installment,10,2025-01,1,0,0.0,1387.0,1387.0,664.0
web,installment,10,2025-02,1,0,0.0,3828.0,3828.0,676.0
web,installment,10,2025-04,2,0,0.0,3557.5,7115.0,667.5
web,installment,10,2025-06,1,0,0.0,4363.0,4363.0,647.0
web,installment,10,2025-08,1,0,0.0,3152.0,3152.0,654.0
web,installment,10,2025-09,1,0,0.0,2928.0,2928.0,661.0
web,short_term,1,2024-02,3,0,0.0,2049.0,6147.0,543.3333333333334
web,short_term,1,2024-03,1,0,0.0,2591.0,2591.0,558.0
web,short_term,1,2024-04,3,0,0.0,2973.6666666666665,8921.0,527.0
web,short_term,1,2024-05,1,1,1.0,4364.0,4364.0,559.0
web,short_term,1,2024-06,2,0,0.0,2489.5,4979.0,551.5
web,short_term,1,2024-07,1,0,0.0,759.0,759.0,524.0
web,short_term,1,2024-08,3,0,0.0,2023.6666666666667,6071.0,549.0
web,short_term,1,2024-09,2,0,0.0,2682.0,5364.0,550.0
web,short_term,1,2024-10,1,0,0.0,2450.0,2450.0,550.0
web,short_term,1,2024-11,2,1,0.5,1979.5,3959.0,528.5
web,short_term,1,2024-12,2,1,0.5,2204.0,4408.0,556.0
web,short_term,1,2025-01,3,0,0.0,3619.0,10857.0,530.3333333333334
web,short_term,1,2025-02,2,1,0.5,2378.5,4757.0,542.5
web,short_term,1,2025-03,4,0,0.0,3870.25,15481.0,548.75
web,short_term,1,2025-06,1,0,0.0,1377.0,1377.0,555.0
web,short_term,1,2025-07,4,0,0.0,1901.75,7607.0,546.25
web,short_term,1,2025-08,1,0,0.0,4145.0,4145.0,551.0
web,short_term,2,2024-01,1,0,0.0,4976.0,4976.0,562.0
web,short_term,2,2024-02,2,0,0.0,3015.0,6030.0,574.0
web,short_term,2,2024-04,1,0,0.0,1552.0,1552.0,570.0
web,short_term,2,2024-05,1,0,0.0,1665.0,1665.0,565.0
web,short_term,2,2024-06,3,0,0.0,2181.6666666666665,6545.0,565.6666666666666
web,short_term,2,2024-07,3,0,0.0,2477.6666666666665,7433.0,571.3333333333334
web,short_term,2,2024-08,1,0,0.0,2454.0,2454.0,564.0
web,short_term,2,2024-09,2,0,0.0,2378.0,4756.0,573.0
web,short_term,2,2024-10,1,0,0.0,4564.0,4564.0,576.0
web,short_term,2,2024-11,2,0,0.0,3306.0,6612.0,571.0
web,short_term,2,2024-12,1,0,0.0,3943.0,3943.0,568.0
web,short_term,2,2025-01,3,0,0.0,2577.6666666666665,7733.0,569.6666666666666
web,short_term,2,2025-02,1,0,0.0,614.0,614.0,575.0
web,short_term,2,2025-05,1,1,1.0,3664.0,3664.0,572.0
web,short_term,2,2025-06,1,0,0.0,4976.0,4976.0,569.0
web,short_term,2,2025-07,1,0,0.0,3088.0,3088.0,566.0
web,short_term,2,2025-08,2,0,0.0,1439.5,2879.0,569.0
web,short_term,2,2025-09,1,0,0.0,1053.0,1053.0,562.0
web,short_term,3,2024-02,1,0,0.0,1407.0,1407.0,584.0
web,short_term,3,2024-03,2,0,0.0,995.0,1990.0,585.5
web,short_term,3,2024-04,3,0,0.0,3457.0,10371.0,580.3333333333334
web,short_term,3,2024-05,1,0,0.0,4192.0,4192.0,580.0
web,short_term,3,2024-06,3,0,0.0,2815.0,8445.0,584.6666666666666
web,short_term,3,2024-07,1,0,0.0,1271.0,1271.0,584.0
web,short_term,3,2024-08,2,0,0.0,1771.5,3543.0,581.0
web,short_term,3,2024-09,1,0,0.0,2051.0,2051.0,585.0
web,short_term,3,2024-10,2,0,0.0,2898.0,5796.0,585.0
web,short_term,3,2024-11,1,0,0.0,2927.0,2927.0,587.0
web,short_term,3,2024-12,2,0,0.0,1898.5,3797.0,582.5
web,short_term,3,2025-01,1,0,0.0,3748.0,3748.0,586.0
web,short_term,3,2025-02,2,0,0.0,2389.5,4779.0,583.5
web,short_term,3,2025-03,1,0,0.0,2631.0,2631.0,579.0
web,short_term,3,2025-04,3,0,0.0,2140.0,6420.0,583.3333333333334
web,short_term,3,2025-07,1,0,0.0,662.0,662.0,583.0
web,short_term,3,2025-08,1,0,0.0,3422.0,3422.0,587.0
web,short_term,4,2024-02,2,0,0.0,3455.0,6910.0,594.5
web,short_term,4,2024-03,1,0,0.0,1828.0,1828.0,597.0
web,short_term,4,2024-04,2,0,0.0,3024.5,6049.0,595.0
web,short_term,4,2024-05,3,0,0.0,4690.0,14070.0,592.6666666666666
web,short_term,4,2024-06,4,0,0.0,2870.5,11482.0,593.25
web,short_term,4,2024-07,1,0,0.0,3179.0,3179.0,596.0
web,short_term,4,2024-09,1,0,0.0,2719.0,2719.0,590.0
web,short_term,4,2024-10,1,0,0.0,1070.0,1070.0,594.0
web,short_term,4,2024-12,5,0,0.0,3456.8,17284.0,593.0
web,short_term,4,2025-02,3,0,0.0,2261.0,6783.0,594.3333333333334
web,short_term,4,2025-03,1,1,1.0,4845.0,4845.0,593.0
web,short_term,4,2025-04,2,0,0.0,4375.5,8751.0,591.0
web,short_term,4,2025-05,1,0,0.0,912.0,912.0,591.0
web,short_term,4,2025-06,1,0,0.0,1116.0,1116.0,597.0
web,short_term,4,2025-07,1,0,0.0,1592.0,1592.0,592.0
web,short_term,4,2025-09,1,0,0.0,702.0,702.0,596.0
web,short_term,5,2024-01,1,0,0.0,616.0,616.0,601.0
web,short_term,5,2024-02,1,0,0.0,3994.0,3994.0,600.0
web,short_term,5,2024-03,2,0,0.0,3858.5,7717.0,603.0
web,short_term,5,2024-04,1,1,1.0,3570.0,3570.0,604.0
web,short_term,5,2024-05,1,0,0.0,2397.0,2397.0,605.0
web,short_term,5,2024-06,7,0,0.0,3155.714285714286,22090.0,599.7142857142857
web,short_term,5,2024-07,1,0,0.0,1314.0,1314.0,604.0
web,short_term,5,2024-08,3,0,0.0,3527.3333333333335,10582.0,600.0
web,short_term,5,2024-10,1,0,0.0,991.0,991.0,604.0
web,short_term,5,2024-11,1,0,0.0,3342.0,3342.0,601.0
web,short_term,5,2024-12,7,0,0.0,2821.5714285714284,19751.0,601.4285714285714
web,short_term,5,2025-01,1,0,0.0,3960.0,3960.0,600.0
web,short_term,5,2025-02,3,0,0.0,2826.3333333333335,8479.0,601.6666666666666
web,short_term,5,2025-03,1,0,0.0,1471.0,1471.0,602.0
web,short_term,5,2025-04,1,0,0.0,1405.0,1405.0,600.0
web,short_term,5,2025-05,1,0,0.0,2480.0,2480.0,605.0
web,short_term,5,2025-06,3,0,0.0,1644.3333333333333,4933.0,601.0
web,short_term,5,2025-07,1,0,0.0,2101.0,2101.0,602.0
web,short_term,5,2025-08,1,0,0.0,4286.0,4286.0,605.0
web,short_term,5,2025-09,2,0,0.0,1791.0,3582.0,603.0
web,short_term,6,2024-02,1,0,0.0,2402.0,2402.0,613.0
web,short_term,6,2024-03,1,0,0.0,3781.0,3781.0,610.0
web,short_term,6,2024-04,2,0,0.0,1181.5,2363.0,609.0
web,short_term,6,2024-05,1,0,0.0,1968.0,1968.0,608.0
web,short_term,6,2024-06,2,0,0.0,2846.5,5693.0,609.5
web,short_term,6,2024-07,2,0,0.0,2926.5,5853.0,609.0
web,short_term,6,2024-08,1,0,0.0,4266.0,4266.0,609.0
web,short_term,6,2024-10,2,0,0.0,3534.5,7069.0,609.0
web,short_term,6,2024-11,2,0,0.0,2751.5,5503.0,610.0
web,short_term,6,2025-01,1,0,0.0,1216.0,1216.0,607.0
web,short_term,6,2025-05,3,0,0.0,3629.0,10887.0,609.3333333333334
web,short_term,6,2025-06,3,0,0.0,2296.3333333333335,6889.0,607.6666666666666
web,short_term,6,2025-07,1,0,0.0,4953.0,4953.0,612.0
web,short_term,6,2025-08,1,0,0.0,1277.0,1277.0,613.0
web,short_term,7,2024-02,1,0,0.0,2751.0,2751.0,614.0
web,short_term,7,2024-03,1,0,0.0,1425.0,1425.0,621.0
web,short_term,7,2024-04,1,0,0.0,3425.0,3425.0,619.0
web,short_term,7,2024-05,2,0,0.0,3809.0,7618.0,616.5
web,short_term,7,2024-06,2,0,0.0,2750.5,5501.0,617.0
web,short_term,7,2024-08,2,0,0.0,2824.0,5648.0,617.0
web,short_term,7,2024-09,1,0,0.0,2607.0,2607.0,619.0
web,short_term,7,2024-10,3,0,0.0,2051.0,6153.0,618.0
web,short_term,7,2024-11,2,0,0.0,3501.5,7003.0,617.0
web,short_term,7,2024-12,2,0,0.0,3805.5,7611.0,619.0
web,short_term,7,2025-02,2,0,0.0,3922.0,7844.0,618.5
web,short_term,7,2025-05,2,0,0.0,3400.5,6801.0,617.0
web,short_term,7,2025-06,2,0,0.0,3745.0,7490.0,617.0
web,short_term,7,2025-07,3,0,0.0,2918.0,8754.0,618.3333333333334
web,short_term,7,2025-08,1,0,0.0,4487.0,4487.0,621.0
web,short_term,7,2025-09,1,0,0.0,3478.0,3478.0,620.0
web,short_term,8,2024-02,1,0,0.0,4778.0,4778.0,628.0
web,short_term,8,2024-03,3,0,0.0,2547.6666666666665,7643.0,626.6666666666666
web,short_term,8,2024-04,1,0,0.0,1859.0,1859.0,626.0
web,short_term,8,2024-05,3,0,0.0,2181.6666666666665,6545.0,622.0
web,short_term,8,2024-06,1,0,0.0,1354.0,1354.0,626.0
web,short_term,8,2024-07,3,0,0.0,4402.0,13206.0,623.3333333333334
web,short_term,8,2024-08,4,0,0.0,2094.5,8378.0,625.25
web,short_term,8,2024-09,1,0,0.0,3885.0,3885.0,622.0
web,short_term,8,2024-10,2,0,0.0,3391.5,6783.0,625.5
web,short_term,8,2024-11,2,0,0.0,4183.5,8367.0,628.0
web,short_term,8,2025-01,4,0,0.0,1953.0,7812.0,626.75
web,short_term,8,2025-02,2,0,0.0,2937.5,5875.0,628.5
web,short_term,8,2025-03,1,0,0.0,4560.0,4560.0,630.0
web,short_term,8,2025-04,2,0,0.0,2858.0,5716.0,626.5
web,short_term,8,2025-05,1,0,0.0,2684.0,2684.0,630.0
web,short_term,8,2025-06,2,0,0.0,1787.0,3574.0,627.0
web,short_term,8,2025-08,1,0,0.0,1807.0,1807.0,624.0
web,short_term,8,2025-09,1,0,0.0,2587.0,2587.0,628.0
web,short_term,9,2024-02,2,0,0.0,2293.0,4586.0,636.5
web,short_term,9,2024-03,1,0,0.0,3862.0,3862.0,644.0
web,short_term,9,2024-04,1,0,0.0,4537.0,4537.0,633.0
web,short_term,9,2024-06,1,0,0.0,3344.0,3344.0,637.0
web,short_term,9,2024-07,1,0,0.0,870.0,870.0,645.0
web,short_term,9,2024-08,2,0,0.0,2360.5,4721.0,642.0
web,short_term,9,2024-09,1,0,0.0,2279.0,2279.0,635.0
web,short_term,9,2024-10,3,0,0.0,2660.6666666666665,7982.0,633.3333333333334
web,short_term,9,2024-11,1,0,0.0,3212.0,3212.0,634.0
web,short_term,9,2024-12,3,0,0.0,2690.0,8070.0,640.6666666666666
web,short_term,9,2025-01,2,0,0.0,3233.5,6467.0,635.5
web,short_term,9,2025-03,1,0,0.0,3844.0,3844.0,637.0
web,short_term,9,2025-04,1,0,0.0,793.0,793.0,638.0
web,short_term,9,2025-05,2,0,0.0,2083.5,4167.0,634.0
web,short_term,9,2025-06,2,0,0.0,3179.0,6358.0,641.0
web,short_term,9,2025-07,2,0,0.0,1235.5,2471.0,637.0
web,short_term,9,2025-08,1,0,0.0,3078.0,3078.0,640.0
web,short_term,10,2024-01,1,0,0.0,2726.0,2726.0,649.0
web,short_term,10,2024-04,2,0,0.0,3627.5,7255.0,649.5
web,short_term,10,2024-05,3,0,0.0,1990.0,5970.0,650.0
web,short_term,10,2024-08,1,0,0.0,4699.0,4699.0,656.0
web,short_term,10,2024-09,3,0,0.0,3906.0,11718.0,670.0
web,short_term,10,2024-10,2,0,0.0,1512.0,3024.0,653.0
web,short_term,10,2024-11,3,0,0.0,3483.0,10449.0,661.0
web,short_term,10,2024-12,2,0,0.0,2184.5,4369.0,667.5
web,short_term,10,2025-01,3,0,0.0,3749.3333333333335,11248.0,649.6666666666666
web,short_term,10,2025-02,3,0,0.0,3244.6666666666665,9734.0,657.6666666666666
web,short_term,10,2025-03,2,0,0.0,2981.0,5962.0,658.0
web,short_term,10,2025-05,4,0,0.0,2811.0,11244.0,666.0
web,short_term,10,2025-06,2,0,0.0,2808.5,5617.0,650.5
web,short_term,10,2025-07,3,0,0.0,3088.3333333333335,9265.0,658.0
web,short_term,10,2025-08,1,0,0.0,4027.0,4027.0,669.0
web,short_term,10,2025-09,1,0,0.0,4931.0,4931.0,652.0
